{
  "jewelry" : {
    "transaction" : "jewelry",
    "sampleCount" : 1450,
    "errorCount" : 0,
    "errorPct" : 0.0,
    "meanResTime" : 25049.49448275861,
    "medianResTime" : 24922.0,
    "minResTime" : 649.0,
    "maxResTime" : 64657.0,
    "pct1ResTime" : 40076.0,
    "pct2ResTime" : 43199.50000000001,
    "pct3ResTime" : 52578.37,
    "throughput" : 12.478485370051635,
    "receivedKBytesPerSec" : 86.55117960682014,
    "sentKBytesPerSec" : 9.261375860585197
  },
  "books" : {
    "transaction" : "books",
    "sampleCount" : 1450,
    "errorCount" : 0,
    "errorPct" : 0.0,
    "meanResTime" : 35211.349655172446,
    "medianResTime" : 36455.0,
    "minResTime" : 2149.0,
    "maxResTime" : 77848.0,
    "pct1ResTime" : 52254.40000000001,
    "pct2ResTime" : 56863.950000000004,
    "pct3ResTime" : 63767.95,
    "throughput" : 9.89788117081695,
    "receivedKBytesPerSec" : 68.61951435534075,
    "sentKBytesPerSec" : 7.326751882303953
  },
  "Total" : {
    "transaction" : "Total",
    "sampleCount" : 5800,
    "errorCount" : 100,
    "errorPct" : 1.7241379,
    "meanResTime" : 32208.734655172422,
    "medianResTime" : 31922.5,
    "minResTime" : 254.0,
    "maxResTime" : 87321.0,
    "pct1ResTime" : 49343.700000000004,
    "pct2ResTime" : 55487.89999999999,
    "pct3ResTime" : 64656.799999999996,
    "throughput" : 37.520781984849364,
    "receivedKBytesPerSec" : 263.83842906388884,
    "sentKBytesPerSec" : 25.292830397170416
  },
  "digital-downloads" : {
    "transaction" : "digital-downloads",
    "sampleCount" : 1450,
    "errorCount" : 58,
    "errorPct" : 4.0,
    "meanResTime" : 39096.45862068964,
    "medianResTime" : 37480.5,
    "minResTime" : 254.0,
    "maxResTime" : 87321.0,
    "pct1ResTime" : 61854.200000000004,
    "pct2ResTime" : 63581.8,
    "pct3ResTime" : 74871.78,
    "throughput" : 10.843634786380395,
    "receivedKBytesPerSec" : 72.76925370319476,
    "sentKBytesPerSec" : 8.070474511849476
  },
  "Home Page" : {
    "transaction" : "Home Page",
    "sampleCount" : 1450,
    "errorCount" : 42,
    "errorPct" : 2.8965516,
    "meanResTime" : 29477.635862068964,
    "medianResTime" : 30848.5,
    "minResTime" : 328.0,
    "maxResTime" : 51424.0,
    "pct1ResTime" : 40681.0,
    "pct2ResTime" : 44851.05,
    "pct3ResTime" : 47887.38,
    "throughput" : 25.441720913094592,
    "receivedKBytesPerSec" : 192.0243700432509,
    "sentKBytesPerSec" : 11.950652108592283
  }
}