{
  "jewelry" : {
    "transaction" : "jewelry",
    "sampleCount" : 1400,
    "errorCount" : 0,
    "errorPct" : 0.0,
    "meanResTime" : 26005.657142857115,
    "medianResTime" : 25070.0,
    "minResTime" : 373.0,
    "maxResTime" : 76603.0,
    "pct1ResTime" : 42870.30000000002,
    "pct2ResTime" : 47634.0,
    "pct3ResTime" : 59554.73,
    "throughput" : 12.349708458668172,
    "receivedKBytesPerSec" : 85.41454118903434,
    "sentKBytesPerSec" : 9.165799246667785
  },
  "books" : {
    "transaction" : "books",
    "sampleCount" : 1400,
    "errorCount" : 0,
    "errorPct" : 0.0,
    "meanResTime" : 36602.99428571438,
    "medianResTime" : 36439.5,
    "minResTime" : 2013.0,
    "maxResTime" : 80440.0,
    "pct1ResTime" : 55711.600000000006,
    "pct2ResTime" : 58454.950000000004,
    "pct3ResTime" : 69076.25,
    "throughput" : 10.366070370809146,
    "receivedKBytesPerSec" : 71.67718998276641,
    "sentKBytesPerSec" : 7.673321622141926
  },
  "Total" : {
    "transaction" : "Total",
    "sampleCount" : 5600,
    "errorCount" : 0,
    "errorPct" : 0.0,
    "meanResTime" : 33595.079107142796,
    "medianResTime" : 32815.0,
    "minResTime" : 373.0,
    "maxResTime" : 88190.0,
    "pct1ResTime" : 53519.900000000016,
    "pct2ResTime" : 60480.999999999985,
    "pct3ResTime" : 73461.97,
    "throughput" : 34.94365335895868,
    "receivedKBytesPerSec" : 248.21542035928002,
    "sentKBytesPerSec" : 23.622796911854632
  },
  "digital-downloads" : {
    "transaction" : "digital-downloads",
    "sampleCount" : 1400,
    "errorCount" : 0,
    "errorPct" : 0.0,
    "meanResTime" : 41700.06142857139,
    "medianResTime" : 38329.0,
    "minResTime" : 2176.0,
    "maxResTime" : 88190.0,
    "pct1ResTime" : 62802.6,
    "pct2ResTime" : 72539.55,
    "pct3ResTime" : 84232.43000000001,
    "throughput" : 10.236312587739823,
    "receivedKBytesPerSec" : 70.50942906052586,
    "sentKBytesPerSec" : 7.697227238827796
  },
  "Home Page" : {
    "transaction" : "Home Page",
    "sampleCount" : 1400,
    "errorCount" : 0,
    "errorPct" : 0.0,
    "meanResTime" : 30071.60357142857,
    "medianResTime" : 31426.5,
    "minResTime" : 2374.0,
    "maxResTime" : 49875.0,
    "pct1ResTime" : 43768.7,
    "pct2ResTime" : 46159.600000000006,
    "pct3ResTime" : 47620.26,
    "throughput" : 25.457322617012764,
    "receivedKBytesPerSec" : 195.87209584795613,
    "sentKBytesPerSec" : 11.95798064334291
  }
}