{
  "jewelry" : {
    "transaction" : "jewelry",
    "sampleCount" : 500,
    "errorCount" : 0,
    "errorPct" : 0.0,
    "meanResTime" : 8295.760000000013,
    "medianResTime" : 7916.5,
    "minResTime" : 1144.0,
    "maxResTime" : 24257.0,
    "pct1ResTime" : 14373.2,
    "pct2ResTime" : 15887.8,
    "pct3ResTime" : 19752.630000000005,
    "throughput" : 10.0500492452413,
    "receivedKBytesPerSec" : 69.70584605083316,
    "sentKBytesPerSec" : 7.459020924202529
  },
  "books" : {
    "transaction" : "books",
    "sampleCount" : 500,
    "errorCount" : 0,
    "errorPct" : 0.0,
    "meanResTime" : 11232.077999999992,
    "medianResTime" : 10021.0,
    "minResTime" : 2054.0,
    "maxResTime" : 27507.0,
    "pct1ResTime" : 16942.600000000002,
    "pct2ResTime" : 19859.45,
    "pct3ResTime" : 23196.13,
    "throughput" : 9.247956201679429,
    "receivedKBytesPerSec" : 64.11441860411348,
    "sentKBytesPerSec" : 6.845655078977545
  },
  "Total" : {
    "transaction" : "Total",
    "sampleCount" : 2000,
    "errorCount" : 0,
    "errorPct" : 0.0,
    "meanResTime" : 11316.974499999997,
    "medianResTime" : 10500.5,
    "minResTime" : 567.0,
    "maxResTime" : 32454.0,
    "pct1ResTime" : 18733.200000000004,
    "pct2ResTime" : 21758.5,
    "pct3ResTime" : 24703.93,
    "throughput" : 33.771803920906436,
    "receivedKBytesPerSec" : 240.2934756568616,
    "sentKBytesPerSec" : 22.83059693774168
  },
  "digital-downloads" : {
    "transaction" : "digital-downloads",
    "sampleCount" : 500,
    "errorCount" : 0,
    "errorPct" : 0.0,
    "meanResTime" : 13651.601999999995,
    "medianResTime" : 14189.5,
    "minResTime" : 567.0,
    "maxResTime" : 32454.0,
    "pct1ResTime" : 21941.2,
    "pct2ResTime" : 23055.149999999998,
    "pct3ResTime" : 27493.790000000005,
    "throughput" : 9.891588193400333,
    "receivedKBytesPerSec" : 68.2301854487319,
    "sentKBytesPerSec" : 7.438010653240484
  },
  "Home Page" : {
    "transaction" : "Home Page",
    "sampleCount" : 500,
    "errorCount" : 0,
    "errorPct" : 0.0,
    "meanResTime" : 12088.457999999997,
    "medianResTime" : 12558.5,
    "minResTime" : 914.0,
    "maxResTime" : 28100.0,
    "pct1ResTime" : 19491.30000000001,
    "pct2ResTime" : 22279.7,
    "pct3ResTime" : 24696.25,
    "throughput" : 13.680639159461531,
    "receivedKBytesPerSec" : 105.26362057260314,
    "sentKBytesPerSec" : 6.426159605176753
  }
}