{
  "jewelry" : {
    "transaction" : "jewelry",
    "sampleCount" : 3000,
    "errorCount" : 6,
    "errorPct" : 0.2,
    "meanResTime" : 25671.92433333334,
    "medianResTime" : 25656.5,
    "minResTime" : 915.0,
    "maxResTime" : 72566.0,
    "pct1ResTime" : 41252.6,
    "pct2ResTime" : 47400.39999999999,
    "pct3ResTime" : 54954.869999999995,
    "throughput" : 10.193472100466861,
    "receivedKBytesPerSec" : 70.4107946692813,
    "sentKBytesPerSec" : 7.565467574565249
  },
  "books" : {
    "transaction" : "books",
    "sampleCount" : 3000,
    "errorCount" : 128,
    "errorPct" : 4.266667,
    "meanResTime" : 35882.04633333325,
    "medianResTime" : 36801.0,
    "minResTime" : 2026.0,
    "maxResTime" : 80027.0,
    "pct1ResTime" : 51462.1,
    "pct2ResTime" : 55960.049999999996,
    "pct3ResTime" : 66168.72999999995,
    "throughput" : 9.7129185053761,
    "receivedKBytesPerSec" : 65.09782312755166,
    "sentKBytesPerSec" : 7.189836159253011
  },
  "Total" : {
    "transaction" : "Total",
    "sampleCount" : 12000,
    "errorCount" : 422,
    "errorPct" : 3.5166667,
    "meanResTime" : 33581.64333333324,
    "medianResTime" : 33456.0,
    "minResTime" : 915.0,
    "maxResTime" : 92440.0,
    "pct1ResTime" : 51105.8,
    "pct2ResTime" : 57678.7,
    "pct3ResTime" : 70888.37999999999,
    "throughput" : 35.61782078299842,
    "receivedKBytesPerSec" : 246.5820167570716,
    "sentKBytesPerSec" : 24.010747491911786
  },
  "digital-downloads" : {
    "transaction" : "digital-downloads",
    "sampleCount" : 3000,
    "errorCount" : 202,
    "errorPct" : 6.733333,
    "meanResTime" : 41379.21466666675,
    "medianResTime" : 40482.5,
    "minResTime" : 1875.0,
    "maxResTime" : 92440.0,
    "pct1ResTime" : 61265.8,
    "pct2ResTime" : 68009.59999999999,
    "pct3ResTime" : 80626.96999999997,
    "throughput" : 10.037036665294938,
    "receivedKBytesPerSec" : 65.82805526350568,
    "sentKBytesPerSec" : 7.470953234100498
  },
  "Home Page" : {
    "transaction" : "Home Page",
    "sampleCount" : 3000,
    "errorCount" : 86,
    "errorPct" : 2.8666666,
    "meanResTime" : 31393.387999999944,
    "medianResTime" : 31127.0,
    "minResTime" : 2627.0,
    "maxResTime" : 57435.0,
    "pct1ResTime" : 44687.6,
    "pct2ResTime" : 47994.95,
    "pct3ResTime" : 50980.65999999999,
    "throughput" : 12.309358805499821,
    "receivedKBytesPerSec" : 92.61362019011804,
    "sentKBytesPerSec" : 5.782032798286537
  }
}