{
  "jewelry" : {
    "transaction" : "jewelry",
    "sampleCount" : 1000,
    "errorCount" : 0,
    "errorPct" : 0.0,
    "meanResTime" : 16339.187999999984,
    "medianResTime" : 15274.5,
    "minResTime" : 322.0,
    "maxResTime" : 46485.0,
    "pct1ResTime" : 27315.9,
    "pct2ResTime" : 30642.34999999999,
    "pct3ResTime" : 37250.93,
    "throughput" : 12.513765141655822,
    "receivedKBytesPerSec" : 86.79513284925918,
    "sentKBytesPerSec" : 9.287560066072679
  },
  "books" : {
    "transaction" : "books",
    "sampleCount" : 1000,
    "errorCount" : 0,
    "errorPct" : 0.0,
    "meanResTime" : 20995.098000000005,
    "medianResTime" : 21091.5,
    "minResTime" : 1776.0,
    "maxResTime" : 49851.0,
    "pct1ResTime" : 34426.5,
    "pct2ResTime" : 37263.74999999999,
    "pct3ResTime" : 46138.23,
    "throughput" : 11.599447866281565,
    "receivedKBytesPerSec" : 80.41807717765134,
    "sentKBytesPerSec" : 8.586310041642019
  },
  "Total" : {
    "transaction" : "Total",
    "sampleCount" : 4000,
    "errorCount" : 0,
    "errorPct" : 0.0,
    "meanResTime" : 20621.422749999998,
    "medianResTime" : 20502.5,
    "minResTime" : 322.0,
    "maxResTime" : 67019.0,
    "pct1ResTime" : 33891.7,
    "pct2ResTime" : 36848.54999999999,
    "pct3ResTime" : 47414.77,
    "throughput" : 38.29436881306604,
    "receivedKBytesPerSec" : 272.4710907432937,
    "sentKBytesPerSec" : 25.88796563559079
  },
  "digital-downloads" : {
    "transaction" : "digital-downloads",
    "sampleCount" : 1000,
    "errorCount" : 0,
    "errorPct" : 0.0,
    "meanResTime" : 24731.49399999999,
    "medianResTime" : 23810.0,
    "minResTime" : 1655.0,
    "maxResTime" : 67019.0,
    "pct1ResTime" : 37501.2,
    "pct2ResTime" : 46008.6,
    "pct3ResTime" : 52352.150000000016,
    "throughput" : 10.80742253779896,
    "receivedKBytesPerSec" : 74.54850303688573,
    "sentKBytesPerSec" : 8.126675150493359
  },
  "Home Page" : {
    "transaction" : "Home Page",
    "sampleCount" : 1000,
    "errorCount" : 0,
    "errorPct" : 0.0,
    "meanResTime" : 20419.910999999975,
    "medianResTime" : 21050.5,
    "minResTime" : 6202.0,
    "maxResTime" : 37001.0,
    "pct1ResTime" : 28848.0,
    "pct2ResTime" : 31605.24999999999,
    "pct3ResTime" : 34716.37,
    "throughput" : 22.889580662882256,
    "receivedKBytesPerSec" : 176.11017595649835,
    "sentKBytesPerSec" : 10.751844041842153
  }
}